,id,name,employment_bus,employment_car,education_bus,education_car,healthcare_bus,healthcare_car,total_bus,total_car,employment_ratio,education_ratio,healthcare_ratio,ratio
0,E06000001,Hartlepool,10.296390831762409,107.51751329044214,8.000939794423212,82.32443535574116,2.6768290072088257,31.09209982743523,20.534050820716537,220.56882347631162,0.013564052544232113,0.01266743033501349,0.013441601810625906,0.012922135112262442
1,E06000002,Middlesbrough,16.795862548602873,60.99577767257867,13.741686852532284,55.78097103034904,8.812720632348459,18.417898259021044,38.514546435614086,134.8039131711027,0.025285587768960425,0.023249450068071654,0.05174516354125259,0.026971370058450368
2,E06000003,Redcar and Cleveland,10.78559330720873,1088.9703902499693,9.676797649438132,835.465049777167,4.51978120627095,345.0964761446282,24.430867639646248,2269.4240390844775,0.024917107375060324,0.023888383573328162,0.03615597537035081,0.025370170258143906
3,E06000004,Stockton-on-Tees,14.002310981568277,1029.4808191904492,11.185426034489684,770.0207442003234,5.975005856969587,331.71126248212846,30.35580917715578,2130.9912908444426,0.02090700773146879,0.01931759386532627,0.030655560826160843,0.020989577973880635
4,E06000005,Darlington,14.74410316325066,66.02768544145133,11.520327630668701,59.16722774611667,3.3942567700424524,18.231456715962494,29.309425518805792,143.05614086979784,0.022546916644972756,0.01923735723291072,0.020550719219631846,0.020658683777441837
5,E06000006,Halton,10.15324821754539,174.70155202081352,8.435524264694706,138.60702806080252,2.908303259307954,54.44341505671714,19.51280008324299,367.15033222877,0.003857186639535699,0.004542436099185508,0.003821060240073185,0.003657242995964845
6,E06000007,Warrington,17.93766031691853,1168.0666350387792,12.885247730167125,927.8409257118709,6.579409592099835,373.6270692139558,36.96181157206547,2469.0669929891756,0.09023109382415069,0.09557368891829686,0.1726280802207554,0.09925637110432227
7,E06000008,Blackburn with Darwen,17.29190597389461,217.64962770370283,17.013210409835306,162.2912589982983,7.414354292360837,69.89383891265895,41.23199795883842,448.91833804922055,0.01139616255987479,0.013665468702872078,0.016887968438558557,0.012911479248712074
8,E06000009,Blackpool,13.199434987398593,106.69245710515577,7.777015551267622,88.1722177196626,3.379438518932914,26.95783693111299,23.53119965541163,221.50676520701305,0.039228688578173944,0.02966018045177455,0.043792020836271824,0.03554075435859625
9,E06000010,"Kingston upon Hull, City of",19.825206529526707,54.31310945829681,13.648691360196352,45.254064792054294,6.012810075254512,15.49844007966496,38.70389684767466,114.78870467522404,0.04973306909292579,0.04572123843721069,0.07645627257290151,0.04937368086863502
10,E06000011,East Riding of Yorkshire,11.6286869973769,221.32732052099567,7.160985663806415,180.42292565079003,3.5404759488345983,51.71355425891525,21.832830333354774,452.95204618213376,0.04351417761504542,0.034825910391167704,0.0763333896340416,0.042685127352334304
11,E06000012,North East Lincolnshire,14.265976111492815,55.55677212171369,8.964535624315356,38.35299023990296,6.468703054164911,12.099671296965953,29.330774015622104,105.87281723714642,0.056119137416993856,0.04494791920202526,0.09537609704210163,0.05572811494697661
12,E06000013,North Lincolnshire,14.640680126384389,88.76568937877414,10.624404665239704,79.68673077664442,3.8818207412599364,21.94772096914797,28.917134146543482,189.04431364727205,0.031782964686577285,0.02809257204974515,0.034176715032435516,0.030362010539753015
13,E06000014,York,19.741291625456586,206.5891145703306,12.327174398463653,151.16183380734702,2.3084465815423822,47.82316485155215,34.07956983134921,405.3663477588104,0.037048237514860194,0.027987082545978238,0.020689680846621095,0.03149980948716416
14,E06000015,Derby,26.260004483677196,111.85367299167616,19.86478780036256,91.29394380609793,6.347275414967212,30.616951179810187,51.99019265640714,230.9631126251915,0.018961527779717335,0.0169504911386111,0.018555584208917408,0.01790878416433572
15,E06000016,Leicester,36.504821392860194,449.6041670571747,22.17081018187209,293.62134364213216,14.755412940859241,130.3374576410082,72.90862991843225,870.9022090127665,0.03169783460739672,0.026109257394605852,0.05057336245114908,0.03173399628525377
16,E06000017,Rutland,2.6428422928005717,117.51870554871746,2.4343692912444173,89.04965771108579,0.533493565673837,30.57973184970725,5.256058774990425,235.46807394242185,0.00543547622932764,0.005993446501831362,0.005922634818048338,0.005330052584301282
17,E06000018,Nottingham,50.955676318668985,137.29080559293763,33.62812037857371,107.13259368987563,16.43811042923459,38.87159071785315,100.33135172692009,281.69038841093936,0.0442414228160414,0.0352586565498372,0.05869229532561086,0.04205158233626259
18,E06000019,"Herefordshire, County of",6.905236206068363,88.94863192720386,4.875747616995671,69.1235721639598,1.7768196651898482,19.11056063676466,13.175200650165412,176.9281388389008,0.04561385691453689,0.03217017353220352,0.056452387642462375,0.039496229267274974
19,E06000020,Telford and Wrekin,9.616982182604579,538.2341590015396,8.064480795178616,307.76868660507813,2.0637439040738146,122.97641988383259,19.144737562942154,965.247429972174,0.009973534985705617,0.009399417666721486,0.006593588690501959,0.008929748844418123
20,E06000021,Stoke-on-Trent,16.144987068365943,96.56761020212711,12.800368282212297,84.36077232693378,6.072911532997698,27.051706403834057,34.14838682803192,207.42302571279166,0.025738522946362728,0.025741246643650788,0.036924099830761566,0.02635840781794563
21,E06000022,Bath and North East Somerset,16.336684728074705,90.12524768979266,10.78085295563057,70.8087995167746,4.254000734801848,16.641222841836985,30.848416747010365,177.1668881257386,0.024756185541219534,0.02119955916266032,0.0364780279332547,0.023854511343469217
22,E06000023,"Bristol, City of",40.3688059194647,50.7293112703968,24.158640946060448,42.0980854451139,8.211760074534402,10.343242090370843,72.23551164800317,102.36313012325778,0.0541680538368349,0.04004289132424634,0.05815832467206561,0.04851563643929943
23,E06000024,North Somerset,10.83070340527527,105.49153134868253,6.658256622767566,82.77032397701436,2.981554067382098,24.5897396207334,19.844950669342957,210.95837654350882,0.02335177020583986,0.018784523009307053,0.034269863515578314,0.02220517024345197
24,E06000025,South Gloucestershire,19.973591760524492,71.90076723100543,13.789698923019332,54.969031436593234,3.49202234140057,15.189794344122925,36.85795571970584,141.41124808070907,0.026520550957794608,0.02264641317476433,0.024182455892396374,0.024447215077261386
25,E06000026,Plymouth,26.535498627608852,21.453995929516438,19.970960325482874,19.384201536057226,6.587010715044248,3.3060903538925177,52.7138735908401,43.72120330155116,0.10929447592562495,0.09143020271568014,0.13570228971254306,0.10337562813625135
26,E06000027,Torbay,8.683401706788947,194.0591138868249,5.8905773145678255,166.34449227398576,1.7525143284168812,51.02554125931307,15.619334626148905,408.9131387802978,0.04204461389710405,0.037220704573589385,0.038232405272604034,0.03899346914616693
27,E06000030,Swindon,20.36408583212137,415.077281465633,15.56772658408789,274.4101816448128,5.03269883402105,118.31952488565665,40.59830734274005,806.6744138873843,0.06565341704000258,0.055725450529904554,0.08598115320999877,0.0628996034748815
28,E06000031,Peterborough,18.23522459357058,621.2688898303812,16.010142274426638,448.77303619594716,3.2877391396121656,155.33558712703015,37.14386445520534,1224.6146179653563,0.03648513134951405,0.033989338463842556,0.03213284886896462,0.034771848009819036
29,E06000032,Luton,23.54154049828214,623.4250408416292,16.446994038523446,478.793972393137,8.119645630277859,143.26067060409665,47.38442646025952,1243.67052804293,0.031840692792101465,0.03155576887487129,0.035859326934328986,0.03211435327656157
30,E06000033,Southend-on-Sea,18.334577037017826,566.3804790120194,9.180373024830923,397.021224626264,5.506219146602494,144.5563521288842,32.1433165724527,1106.1924634839115,0.05144680239424542,0.039476473782189145,0.05406703742733736,0.04769489153375016
31,E06000034,Thurrock,12.021882405249876,566.5692261143364,7.210339097364971,353.4277198117221,4.151901110128086,155.08427686033468,22.59631685371612,1070.3651684534507,0.0035180897068620904,0.0034552365235757387,0.005096068147694672,0.0035564930559630168
32,E06000035,Medway,19.101589940005592,502.1827836381755,14.384776986810415,314.6114574971862,8.573353780222567,120.32395925363559,41.63933366661254,935.2814210566158,0.01930626969515643,0.019546942176569267,0.033610806383205814,0.021043013428686873
33,E06000036,Bracknell Forest,10.562877221107719,681.4617902971888,9.000418204342301,412.24875479809583,2.8695412154406,192.54531214690755,21.684528111301297,1285.1457566863523,0.019438007133152784,0.01783904980716987,0.028453262050942674,0.019167981604862692
34,E06000037,West Berkshire,11.279419948214159,273.8456497907116,8.702355043458747,206.6461712062711,2.3886887299711095,68.0840377674673,22.01269287709945,544.8116599292711,0.020826543075937957,0.020408510274789054,0.02348161059757202,0.02040583892085757
35,E06000038,Reading,25.218998370036005,268.37017176077734,17.200246650803727,169.15661740564929,5.72607009980482,70.36276778886041,47.597193491663226,506.2602910788405,0.020759425461395996,0.018750311464953647,0.023437805508064603,0.019946668650682498
36,E06000039,Slough,15.732579452362527,820.9860460322636,13.830836028376321,486.6348228427686,5.077751748827374,217.12507499773278,34.036283414031494,1524.2701708172158,0.012026704353552223,0.012562581622734449,0.014039819005097029,0.012271067604941538
37,E06000040,Windsor and Maidenhead,11.979670812177217,1079.4071134412156,7.986054622727094,716.3348443955516,2.6630678814796935,282.1611289792478,22.217704753065338,2073.411972969363,0.06732149057278239,0.07471247333378563,0.08057738701299874,0.07071877897741552
38,E06000041,Wokingham,13.111792167782887,249.39530180411296,9.609548522486142,182.96707179782152,4.327735845018781,93.56400949121998,26.066736971057466,521.2401298699714,0.014643414678165427,0.01356794700817209,0.020398646143627557,0.014300916320841154
39,E06000042,Milton Keynes,12.204801274545607,167.93979051555405,10.401780747368205,190.70783849677233,3.255595907011201,36.58237564873484,25.223189200762583,384.7950430016692,0.018434693223002518,0.021775890977510745,0.0233572690588791,0.019426138155130012
40,E06000043,Brighton and Hove,33.16241472186208,307.9209090866868,12.986581283079282,279.24659382452927,7.8995120864981425,104.87313984970811,53.391401546072515,689.3870397240884,0.05568286856485578,0.038494141477357545,0.07358208821473936,0.051385180856275345
41,E06000044,Portsmouth,13.555682060635394,174.76005042859896,9.268977046247928,120.55701368392921,4.242078005700933,30.32675173782616,26.402121126909485,325.373236403583,0.021850760246610337,0.02658083087141204,0.036953394363061096,0.024692262380988192
42,E06000045,Southampton,15.702764485217735,458.13798124075055,8.417800108196591,317.79574116697813,4.259837813167639,96.13889521536584,27.87824493411454,867.7195810565197,0.17492550518214045,0.13366093554246652,0.19667568889689266,0.16099675090030155
43,E06000046,Isle of Wight,3.429279682671219,301.0504052929815,3.0412973012795335,273.37921388853357,1.108745069072252,63.20651941070907,7.138173716300676,636.570245516563,0.037818235301675523,0.04026508977733539,0.0498019910117318,0.03938027381335687
44,E06000047,County Durham,10.719815403974705,259.39107034368857,10.63918526279587,220.94163400526455,3.274722816332632,73.66125139875795,24.12765492447143,552.230242739921,0.013027678928297617,0.018261973069267384,0.0137798787841597,0.014372834929560565
45,E06000049,Cheshire East,10.327553044433284,593.0124151590932,7.210985607517804,448.74646313985613,2.7229934597619763,191.90429080820755,19.500112437553916,1232.8656453307012,0.016750609198565133,0.013880052097122975,0.014980094699958849,0.015036010943625291
46,E06000050,Cheshire West and Chester,12.41128643538644,556.1964515376832,10.01316242716723,416.4650245198539,4.5965626907032435,169.09187673483856,26.380735287810825,1141.0554833833216,0.011730635104791325,0.011827711996024195,0.015069879895206586,0.01192042442259048
47,E06000051,Shropshire,7.9534508941112385,705.7350174428968,5.019757916787143,462.5881896035344,2.6537464550313437,173.06412508454005,15.28986477303803,1338.7549841332793,0.09767685756695309,0.06242366845677913,0.12713737480717566,0.08373622556695638
48,E06000052,Cornwall,7.28454031913447,52.93845202950316,5.668120464221411,44.84494752009704,1.9030858186669328,10.023654211776343,14.395741592369603,107.08297725704209,0.04181501775054616,0.03429355115044441,0.06521542160055445,0.039317856778122065
49,E06000053,Isles of Scilly,,,,,,,,,,,,
50,E06000054,Wiltshire,7.552397448566755,1186.7370818127597,6.869622775503074,814.1952384086406,1.788324586524863,365.3079771727528,15.594966164399578,2354.855777569582,0.02214065692343158,0.022500037534779364,0.027528798303918068,0.022452885069410615
51,E06000055,Bedford,14.80092377295626,335.252970939886,8.630937027683181,257.4739677924258,4.448861274213236,80.64635278490051,27.502265265863194,671.312040069997,0.020672549919298382,0.016206650403256768,0.03488736104545477,0.01992208949424323
52,E06000056,Central Bedfordshire,11.851511512172307,520.8645747424899,9.684344856714711,375.66967742327006,3.901075595857853,130.39426811019507,25.15707371623089,1025.533729373199,0.015383155334581256,0.013558098943212455,0.02415727917240244,0.015095896291702514
53,E06000057,Northumberland,12.816094235698394,282.2902666223443,10.766030645842267,224.42225312585737,3.608836984471355,77.78409616340979,26.59009296726731,584.2792154996532,0.08177195112384335,0.07697244811296684,0.07289775463996023,0.0777992925883524
54,E06000058,"Bournemouth, Christchurch and Poole",24.748773971859322,1083.3895678061065,9.514137429012212,777.9699913968064,4.935636995596542,312.8027758054649,38.02907938224495,2173.263578293186,0.06809849464206527,0.050012995172775944,0.071678390956165,0.06162999089091146
55,E06000059,Dorset,7.865339922232964,311.5247199067779,4.212193805770915,243.57142663694088,2.1210965607738967,79.72383579038421,13.737146973255122,631.2230335456848,0.07008861909146147,0.053396441464297346,0.06419906504513775,0.06247083084454384
56,E06000060,Buckinghamshire,15.063061772484977,976.9893005595195,10.162747518547754,613.5086973573483,3.829849290755614,264.0951550683414,28.48883166606455,1853.5606120923549,0.019207252401666527,0.016171030729370338,0.019039230415271665,0.017766709739514965
57,E06000061,North Northamptonshire,7.921566733430649,80.96806911471037,6.774029089839755,73.7010421601688,1.994168926714473,20.299709166697703,16.221370321068957,172.24371975690678,0.01529815208755494,0.01509521486980638,0.019037762926424773,0.015180538757417148
58,E06000062,West Northamptonshire,21.179997524690755,167.75058082235552,15.074427979059841,129.5382037983677,6.715345009499005,46.169708175206445,42.62525441909767,340.9448348641209,0.028730380473806733,0.022454144475401578,0.043872139595866735,0.027332338797879743
59,E06000063,Cumberland,9.747900884225809,20.350479437936535,8.481274125143246,23.981484147585693,2.9948058956027404,4.2146137035021765,20.74960009144278,48.22389759156157,0.09431087313129626,0.07356690841339797,0.14555154532024847,0.08638728655766964
60,E06000064,Westmorland and Furness,11.587758464825583,39.34359337714581,10.80139171268111,41.746592605940585,3.8106006422898058,5.239642236275243,26.038881970781368,85.39906644334975,0.20045887352517663,0.18012384733923797,0.2056871675944156,0.19180685384673482
61,E06000065,North Yorkshire,11.744700410940123,431.80277467723096,7.029950862369746,342.8917685221039,2.7865130482058027,109.41684098989826,21.1302279959152,882.867280791973,0.06328618050163277,0.041958825633190165,0.06280355294836126,0.05401882118679072
62,E06000066,Somerset,7.2337498503606685,344.19016157707966,5.361759004136534,207.52678846029733,2.14498240979312,76.64812717852644,14.348931420950716,627.3903936919529,0.033111418493796306,0.027518174387080204,0.039846174465540354,0.030698150968931526
63,E08000001,Bolton,24.017686301234544,366.1977614984163,20.305099349149693,292.99356062294714,11.723296049402721,121.3063785657605,55.34274943706933,779.7865274400361,0.012116174563823549,0.01156858755374539,0.018945690298591715,0.012564869051997302
64,E08000002,Bury,26.825277597953818,320.0728399898368,20.468702624124614,263.6133718230575,9.043773877003744,88.95869906904002,55.94669769694435,672.3682463899536,0.009676330132471897,0.009298299642215315,0.01058314663304437,0.009573762316148413
65,E08000003,Manchester,48.870499993655535,267.5535221899544,33.43915417842981,214.56315480523898,17.987413768406718,75.65064055631116,98.51419166151886,557.1184796719825,0.02112787228026787,0.018460884991799393,0.02519602008248098,0.02040248479666841
66,E08000004,Oldham,28.303820115728936,851.6427137930833,22.60690316523264,651.7671069118037,13.085262835960355,270.9317678399722,63.43776056567455,1773.7219327042185,0.12127643504131914,0.1115856650272242,0.3347728868272744,0.1341225354314886
67,E08000005,Rochdale,21.171293287855043,301.1689084928689,18.8483019222163,245.55159373375113,9.039425959065687,92.0864424334235,48.27781107884814,638.3154094708494,0.009119247527186678,0.010177454150586395,0.013060375339886353,0.00989167295814996
68,E08000006,Salford,34.83868436912377,208.28291199369053,22.40351292329727,164.2832181824958,12.07539397914423,59.45384516554791,68.54342765834869,431.4467046212909,0.013615088414220938,0.01126184916574722,0.015837537947045385,0.012915609488115744
69,E08000007,Stockport,28.622202513352264,328.67923683657466,19.41942109536869,263.2278724099088,7.942848349351706,100.57020404190591,55.43348102372135,691.9150230868861,0.011725352601164783,0.010362236357474663,0.01112107010536964,0.010982278441326829
70,E08000008,Tameside,19.053578594506,427.31459501236134,15.393920226572039,331.6750166227224,7.021322605588997,122.31845410796811,40.526384287205616,880.5516016761675,0.01256128634527163,0.013404121652197936,0.015133489961424341,0.013051495653023
71,E08000009,Trafford,42.98257097440306,157.95913494305776,25.872545168055026,123.94423290496147,11.541907069860699,49.125744320904595,79.99432911816025,329.8039140591027,0.015286950982090495,0.0118355658075888,0.01365170265725476,0.013682597141426021
72,E08000010,Wigan,17.26161687343996,516.2159463746323,13.172682827135922,402.50943045851756,7.548003829427038,154.21390091746238,36.947358654683136,1072.464611392116,0.009309898638523701,0.008762003098358236,0.014771377363105843,0.009741828656384082
73,E08000011,Knowsley,23.581920398834566,609.0330435048726,17.802879689885152,451.25451831868713,9.345468301683857,188.33865345127214,50.13023443033559,1248.5134577334015,0.012291764889026302,0.013724251538296015,0.016110061959047507,0.013175877487940394
74,E08000012,Liverpool,37.55982723294262,587.3298163208002,28.901105694506025,438.171168186435,15.94153259043759,188.0520062680821,81.61096580288499,1211.0315086774458,0.17674537173860502,0.168119461952602,0.36138263163268497,0.1883887222593994
75,E08000013,St. Helens,17.213194855545737,723.7642528226382,13.419333530272441,529.44115594021,8.10522227327379,225.9821161163151,38.00449262988649,1462.2848415112217,0.04866321425606866,0.03888506120909171,0.12671897702749915,0.05076883220239239
76,E08000014,Sefton,29.02932165189237,409.86181132349014,19.92898939615763,324.0429448251175,12.410008938423445,116.25798342646641,60.79535667030959,846.7077034482054,0.03612543290834507,0.024131089831375477,0.04766267570519455,0.032239571757602475
77,E08000015,Wirral,23.09850925758433,223.36462902411355,16.668284487790526,174.45626963959302,8.54798477995293,48.687878608246685,47.94702432965426,439.16554584374956,0.020955077018061555,0.01922379721039597,0.02481042555204249,0.0206635796813367
78,E08000016,Barnsley,15.436915316115648,295.3343609663807,10.064863637997291,219.30177469809192,4.616373331899639,79.26939174801807,29.63093757965827,592.1626480276057,0.012297368030170949,0.00975632521325567,0.015184067633993858,0.011450760988396293
79,E08000017,Doncaster,16.538281211915393,272.7257154583901,12.737427877342864,203.04577106643228,6.060504034469386,76.43005277280969,34.89285084438829,550.2553660986962,0.011322145234572244,0.01078840545636758,0.016995200257254105,0.011590316853055005
80,E08000018,Rotherham,12.538449046436327,188.4438059808028,10.987408545090203,153.44346631473599,4.822289153155856,48.96211517683471,27.406732641503257,389.5441969511934,0.008818660539241487,0.009996623778811914,0.013731876730264391,0.009535604797203645
81,E08000019,Sheffield,36.439006155363835,264.9510602497853,22.144618003587585,206.50154504171456,11.725740239365827,69.9894932332251,69.85214588904981,540.4223524038549,0.07389159125564436,0.052070903299133366,0.11311385745774365,0.06814121262119582
82,E08000021,Newcastle upon Tyne,47.008991836348656,26.745354110208503,29.96255681140377,25.23448998478183,13.939930543693695,6.5822660191317865,90.11752034770414,58.139444735397035,0.05027250713248732,0.038623285920937486,0.055423823894605345,0.04592687618558678
83,E08000022,North Tyneside,27.61382747393613,43.26844783746976,16.7723013750456,40.37775883480042,7.304223068961429,11.807428025325894,51.05994426561178,95.32090037740022,0.03150126407440713,0.02338117368613361,0.03085107813934116,0.027892478008611825
84,E08000023,South Tyneside,19.688778800641114,69.05027041148155,15.622650213565306,63.31975968444081,8.01275634410306,18.64969075246998,42.70083731860395,150.807393017359,0.020645536469568026,0.019601301357742282,0.03082582734839359,0.021211085834368645
85,E08000024,Sunderland,23.74421446013796,82.50973592091499,18.583967984258717,73.45146842552597,9.508972817413202,20.5466924039529,50.89697319233248,176.13726453450113,0.024855756321321684,0.024069419919628066,0.03560161438656446,0.02558076977147776
86,E08000025,Birmingham,39.90970345363134,246.51474140917796,34.98394837225676,210.22999431878125,19.516757755646587,71.26914589648173,93.23879904607729,526.9825670273285,0.02315685750951241,0.024763950818549867,0.0358957512569161,0.025210072815440285
87,E08000026,Coventry,31.454035322941692,163.43983293077827,22.871916560194876,132.95788010959183,11.780185268544175,47.209357706964525,65.52234601748461,342.90190717421734,0.016901686098165274,0.01537619343174952,0.0207683613155582,0.016732101057738792
88,E08000027,Dudley,19.22521485606235,187.15166188042178,14.312210434410243,151.8908189157365,6.313737609127925,45.95406371178738,39.00297529885945,384.6643877747293,0.010296702993520711,0.009097089618394137,0.011518715286279424,0.009718733895233811
89,E08000028,Sandwell,32.3933702662153,140.42457688514614,27.783104418273357,116.06818555544936,14.797321891858049,37.53221914890136,73.96985563932581,293.71165135368364,0.015375317033968846,0.01615118658457154,0.023605416022197217,0.01656886506175062
90,E08000029,Solihull,26.274392026364122,216.11055613325635,21.697687480823536,177.92712537977326,8.976049504461441,59.91565022562449,56.026007655682434,453.6184281695818,0.014648114374181162,0.014545213317619125,0.015435368973308983,0.014492846074370161
91,E08000030,Walsall,23.937468434252953,137.06310826280364,20.86726625097199,110.02639895576812,10.819043613256712,36.87107525522127,54.80528302653904,283.3559682586839,0.011422719584399358,0.012240463545588899,0.01746334425534473,0.012379458183120426
92,E08000031,Wolverhampton,28.16823350659369,148.88315351516812,21.881151309030695,115.61008775753243,10.979844606261045,37.81633039733624,60.46549051713929,301.96591769653503,0.015889422285209155,0.01521301444118163,0.020403182027589832,0.016106382125030672
93,E08000032,Bradford,32.086968425651925,431.35981013838295,28.85552538290125,329.1099464015489,11.233683122246884,131.83650685426002,71.8246170920102,891.3330237503172,0.019095946269306458,0.02284036986518732,0.025388780950280833,0.02114463862517526
94,E08000033,Calderdale,17.437891586556447,541.2671530169529,13.206933264021215,407.8700316201209,5.650812865996505,162.79686657746782,35.539759302492044,1109.9363270353278,0.036541207468918875,0.03195651348336634,0.04615484496104702,0.03551921575923766
95,E08000034,Kirklees,18.667321823681725,605.2124810781311,13.118105979321271,457.1484866676131,7.5923616908018845,178.75748509192132,38.50558879280212,1239.8863553889826,0.0329467184958138,0.026578986663001854,0.06597950518910366,0.03349554893265118
96,E08000035,Leeds,35.391521429349254,369.5057870742621,22.711413424618915,298.9265240798968,11.290846459128533,118.50090747026823,68.93735240819184,784.9488004560162,0.02355577316403792,0.019981699815818255,0.03065143241194594,0.022863377749742293
97,E08000036,Wakefield,13.885993718871196,238.2576769507142,10.318915935372605,180.06028875159438,4.2660540973362835,58.75227797587871,27.887089541488177,475.72470907694304,0.008020915451686423,0.007815289107731898,0.009883694059852573,0.007989175946819018
98,E08000037,Gateshead,40.38206108091633,115.84872703467897,27.961424674741984,103.4138405277476,13.355448326432175,40.43254700291409,81.20959674308575,259.0125213618489,0.06118587968283192,0.0549929060502421,0.0975276851557179,0.06214615088664666
99,E09000001,City of London,281.69256291212236,233.40522701944786,160.56307171949595,155.27234138764058,86.10632961635282,70.46772310781724,527.5844008308054,458.7098211287829,0.06621066145305382,0.05979673590135374,0.06793921679746545,0.06422136472798089
100,E09000002,Barking and Dagenham,54.98210928769353,301.5538558763555,37.6293436791133,199.17490866330877,19.632656211815817,85.01415685042437,111.80526958348678,585.4450121425264,0.015427935891651747,0.015546975634160251,0.019839350472537386,0.016023792732028305
101,E09000003,Barnet,88.95673642143696,256.4286593722454,49.111157075287466,167.64636672362764,27.267843792750703,68.58213254273731,164.49201878031724,489.11179391724085,0.02218316949157455,0.018571506318953972,0.02382674526271684,0.02107152281044398
102,E09000004,Bexley,31.40289989337848,483.61682160922476,22.303090279135414,327.4997721431498,8.466094518078695,124.41444297986202,61.68281766006057,935.1346586177391,0.011475968284901538,0.011959492773490432,0.011520336301607165,0.011563360155904772
103,E09000005,Brent,99.1466297266092,364.24742868332,51.23035821006301,255.02036093998274,33.057361427632124,97.51460803219878,182.5589062048619,715.4515761423875,0.027738432442013766,0.02242154442793572,0.032350448454654936,0.026503166370269355
104,E09000006,Bromley,42.9237989360303,409.3508246724529,29.70427651786138,301.3571087591011,9.871606083597147,128.9270719780688,81.84215148384477,837.2147752939863,0.018609598013658683,0.020597024582548088,0.01671936736793225,0.01885885798835934
105,E09000007,Camden,262.0395181267084,257.22276107099174,158.91393065005713,188.5703551132027,77.26444651175237,67.5618642359061,497.632890737538,508.26454623388133,0.07762679866420323,0.0762440777257754,0.07546193321077803,0.07677331694958539
106,E09000008,Croydon,52.923825983919755,233.13120251972686,33.97450610446779,138.3333702080163,16.476358516027464,66.70007858052094,102.90766870625654,432.555216987967,0.027205410296181638,0.02859219027623431,0.03418554045579174,0.028445423507263527
107,E09000009,Ealing,81.19109751080713,344.9974930924706,37.93801363453396,238.73957217152673,26.455220399027077,86.61420030475232,143.90301777215373,667.2245240959357,0.02066975097258578,0.01577758778722979,0.024418522059109812,0.019277751669144493
108,E09000010,Enfield,74.9150931546477,294.08415340036703,43.20762035491566,193.39094603307106,20.706312953899804,91.11676111785592,138.15346275429445,575.5436966976381,0.018559371165749523,0.015711157436572646,0.01760717671834967,0.017333276448190698
109,E09000011,Greenwich,66.81503202220178,551.606244378529,48.75324803664416,358.09017679610696,20.89324491557798,154.06607765067244,135.93994858223533,1062.8922349195786,0.021921928301764364,0.02380367506519514,0.02303511612046933,0.022638564862790363
110,E09000012,Hackney,137.02877401625665,187.34643920353002,80.06156256349756,141.57823621869392,39.569846082942405,49.636834564130794,255.97306951385175,372.6677562861688,0.04372320623111063,0.041320508148865384,0.042626008775928245,0.04263193635622491
111,E09000013,Hammersmith and Fulham,111.06382064318197,156.0241206934421,55.55668577745955,120.64702043491587,39.099367239803506,38.957615135596434,203.99597340397796,312.81975648378835,0.02912239199416076,0.023562449847820983,0.0373772440320851,0.028234061256935325
112,E09000014,Haringey,123.3945787581811,263.4254796320112,71.72026415957478,198.2206395789384,38.61166030162115,72.93604248870942,233.29460686122192,532.7515278091678,0.03833808542874609,0.033620938717440665,0.041722300034368116,0.03717189275287326
113,E09000015,Harrow,64.31831556239028,318.542941035593,37.39503309783935,223.15724268571805,20.18635859749285,90.67984508469512,121.14893516273469,630.1830273579934,0.022774782358302312,0.02019351154893093,0.025716451462483813,0.022229814554642485
114,E09000016,Havering,43.69598193529128,304.6435457587773,29.6642083372867,217.93727459696913,14.744288685711807,75.66345867278454,87.73410424581549,596.2200898249203,0.01608433913261832,0.0159664550092482,0.01980738869433113,0.016514136123865927
115,E09000017,Hillingdon,38.657506250638754,530.3416307252908,25.264718515958517,322.24595035754464,15.485877822940077,121.36621308345752,77.2924405890869,972.3451336641072,0.013508100868290627,0.01234795036214752,0.017690412152421817,0.013380288309449869
116,E09000018,Hounslow,65.58693054727425,352.03985112274364,33.00646604674385,236.70517063977766,21.151577175289724,99.21644361981414,118.19317521188212,684.8364439695177,0.01673731966109871,0.01417939457693368,0.01958232297181762,0.016010279979670066
117,E09000019,Islington,175.33049711474595,165.6115157562501,103.90090977781416,127.89414890569084,50.82837418260832,45.82704293507523,329.33333016830244,335.38286640311793,0.05331854353390877,0.05152656006318668,0.051652957953380436,0.052339070910345606
118,E09000020,Kensington and Chelsea,154.21130931547165,253.96127209236505,82.08672786199428,158.6349486421358,46.73463108417844,62.66344015989919,281.38456191335075,473.6175743494674,0.04112551642540697,0.03587449498493195,0.045145019864820925,0.03973215122427067
119,E09000021,Kingston upon Thames,36.21153693413951,273.3532920296568,20.452886164632357,190.24905071695179,7.610899322499087,68.65590185267607,63.82212029186083,528.0015521222416,0.016731787143129603,0.016652319518835897,0.013026149933187764,0.0160568984958906
120,E09000022,Lambeth,215.1163826153695,408.6219743713843,120.52398982320916,259.66588921602,61.99487248775847,138.31673230579946,397.1940366650278,806.0537387569899,0.05998628217580239,0.053818654709809434,0.05892610602384395,0.057710178051164705
121,E09000023,Lewisham,42.613456098719695,276.22592211520197,31.504038409069373,196.91150314948695,12.793632788411626,83.75183746201158,86.2750457507281,553.6176156064031,0.013502764202629051,0.0161666419751323,0.01415503889405613,0.01434466148276178
122,E09000024,Merton,90.38618099181818,277.11602337775133,49.80035124501617,175.93151914472696,21.749336789742596,87.94000407926029,161.43366439500778,539.2564656506511,0.03520842154706794,0.0331529628040708,0.031691807874364375,0.03391444125752586
123,E09000025,Newham,124.28736836325652,280.50656789836023,86.84373673650136,187.80411553043422,38.67941497782571,74.1419161400232,248.93124409134694,541.8167800199532,0.04044003389440334,0.042008160435038654,0.04485583232243612,0.04147836118367699
124,E09000026,Redbridge,72.5351141138077,1001.1991073518353,46.82564047175502,662.4780425870263,25.64590005129463,287.05828057051303,144.34356175415576,1950.4739864894507,0.12438357573795933,0.09489846403747434,0.18229844211613538,0.11785652363579233
125,E09000027,Richmond upon Thames,36.79965966003695,514.3975049727458,20.842071448034933,327.70040356191765,11.785766205423618,140.09004495517934,68.17022141007227,979.542463470873,0.06028874113970033,0.09101953600538772,0.013205693191715231,0.06788528698082508
126,E09000028,Southwark,253.41918867003926,366.88866849024,145.74402495213502,219.7267229383404,75.06073044188743,118.5368777920741,473.7935908346127,704.3751646413411,0.07373320268563062,0.0676563743202288,0.07512024238621867,0.07187504995566761
127,E09000029,Sutton,35.870448250757185,483.7811909362729,19.226568482850748,288.53037290650036,9.112678912731793,131.35527669840067,63.436560865415466,903.0867436372802,0.03485376666509103,0.03099411114203664,0.04191312612231523,0.03415206470549174
128,E09000030,Tower Hamlets,171.35896540262553,1327.4831441749536,104.02926698291448,875.2326050421567,57.26377006682455,403.39682592560894,332.1155227361764,2605.2407672518593,0.32749622320654853,0.3785317190162288,0.5285153649845,0.3663324589423736
129,E09000031,Waltham Forest,136.9180095242174,1270.4959532287085,88.39082599444981,836.7046545138942,45.09103215625465,372.1374589849599,269.642144014995,2478.932167558381,0.4736910945549561,0.2969520662228227,0.7812170985107036,0.42282242977643286
130,E09000032,Wandsworth,106.14307102076549,986.2327444438813,65.01173837182118,548.9557208857292,30.188673873222257,292.66738914407654,200.19120364795756,1826.9489956624695,0.29335834654585197,0.16347250080924453,0.40084668156782893,0.24404789924553075
131,E09000033,Westminster,231.9565877992965,1250.5774909886027,140.40334531904222,739.8759446651218,64.17360826986592,385.0328430206692,435.7335639915544,2374.6567340978145,0.6053911959298722,0.3635777216132601,0.9875756993553036,0.5350220124970829
132,E10000003,Cambridgeshire,14.443830412058505,126.03654414775141,8.531873633559615,110.17886522712047,4.277697467591294,24.905188073639554,26.878259385680696,260.38478705971653,0.03159970998223149,0.022690731228728788,0.046009883274387584,0.029085569959141508
133,E10000007,Derbyshire,15.50361836498584,599.1667584771493,11.826157525673619,334.0197449238409,3.866336450221366,150.13401055596964,30.622019656827735,1071.4723923837,0.011780497611937318,0.011516083003813267,0.0128983913843154,0.01153916219470163
134,E10000008,Devon,14.249945909420973,278.3378828103383,8.959457811883677,224.51199906467525,4.51516042070243,81.05549084400495,27.458679770610196,583.3341187265886,0.05708042161209038,0.04156358983306181,0.07680855410781263,0.05178844365915616
135,E10000011,East Sussex,14.233892602432965,445.52480795089247,6.676010114587741,299.8676092876338,4.477017716248511,120.28008343493944,24.851261280257553,864.1338800802537,0.057064835111790786,0.0412704672406346,0.0731857387309925,0.05314915778128156
136,E10000012,Essex,16.75047629603318,928.1389991355701,10.03098797717643,646.7288241500108,5.2769134677371685,263.0870621959353,31.508541979018606,1836.7106908324809,0.014969764464480301,0.012978569674763553,0.0195941667800762,0.014323352451387975
137,E10000013,Gloucestershire,19.326797323165902,240.71940912713868,11.059099501227697,189.1240967610874,5.191083106927242,68.42209729498792,34.93548568647008,495.9576712362642,0.03399475637267362,0.022751581201224346,0.04464292310522333,0.02947389047348237
138,E10000014,Hampshire,7.593011355944974,349.9634763377341,5.461026303284372,242.17864012461013,1.9527590831495192,85.28019820351315,14.423067712944926,674.5590187098215,0.009109475431762826,0.009785238358498687,0.013562660719534417,0.009347439603690557
139,E10000015,Hertfordshire,15.019136717861477,954.5900666015056,12.36385603678967,610.3715158723498,3.9497434788878945,281.0005304536971,30.739133527455728,1844.3603450098003,0.006136075056837534,0.007037596433781254,0.006944381666928256,0.006397962108370658
140,E10000016,Kent,13.409377836077566,905.0702141639332,9.072568578224764,617.8126535124889,3.4842318736363436,247.12556596387023,25.367995460791686,1769.0379294765605,0.044296616172508387,0.03929003505663143,0.052092820048690355,0.04283289953262466
141,E10000017,Lancashire,18.604650898782825,734.5140957949787,14.064163535670707,564.8565749162651,5.696276721866592,232.06548256903548,37.40977923090867,1530.6395838009619,0.036863117625664354,0.026108112370586196,0.029818789189899643,0.031224827629795004
142,E10000018,Leicestershire,14.058250690870242,373.0743712216081,8.619059805759022,302.5380860875318,4.9689447238174065,105.73779538912959,27.091215254593298,780.1559549620356,0.011865800290899264,0.009651478317158558,0.0159909719693022,0.011303496038183997
143,E10000019,Lincolnshire,9.635827745113144,102.90036887964767,8.184238358475552,95.22653968775538,3.0827611802599497,24.040522757770223,20.512182652340666,220.8945443521901,0.041405629405421716,0.034540570190520106,0.05075996714381007,0.03851950240077099
144,E10000020,Norfolk,21.988040576519186,237.82627849500088,15.508737445036779,145.1253900886225,4.710649576835097,54.746788547770926,41.977043796658855,436.02825033467633,0.06208591190978478,0.05093367496203739,0.0675620489994703,0.05741191068927007
145,E10000024,Nottinghamshire,27.61948283648056,363.7893925877427,18.534478407331573,227.01674615138074,8.816672303874547,86.6562463361663,54.408058575633,669.5477032747953,0.027812041844280072,0.0229347361123258,0.036370701256508306,0.026637290882823083
146,E10000025,Oxfordshire,19.299787019135742,164.89440881205022,11.057889295384513,119.3463974349821,6.44839156796703,39.16317887859711,36.321181003631565,320.89896288983005,0.03702956253037022,0.025134689587874525,0.06658808792615967,0.03413273828221519
147,E10000028,Staffordshire,12.585014985615446,589.6405064412512,9.753386382743923,478.4548554641765,4.5615099019287415,183.85740486385328,26.31121633145846,1250.8491846560364,0.015371625404194528,0.01359838237273358,0.020927635931238416,0.015101133872929346
148,E10000029,Suffolk,17.184068403271773,655.032931967773,9.428198041541732,500.27072537743277,3.6161662637859036,205.2338013095508,29.911822401724375,1360.1274032254087,0.05152063205892439,0.03654178041951632,0.05840882517420413,0.04574639463044253
149,E10000030,Surrey,17.64561489235756,1002.1683473939396,10.877563561207072,636.5933155897732,4.447390241677922,265.9335699834996,32.384673014052844,1897.3607101679816,0.058752018652396806,0.03638432336891975,0.05784140571797219,0.04918099664445634
150,E10000031,Warwickshire,14.636959832571609,558.0591604337925,11.102200083289508,427.9826950718141,5.121941743451978,170.34464672185828,30.3318621691159,1152.9278995259926,0.011038285272820187,0.010042452666359952,0.011884824185363598,0.010563768646517946
151,E10000032,West Sussex,16.175550236147654,1025.2803477302593,10.372470149833628,685.1706492624976,3.585786031202017,309.24165802113686,29.19312841378899,2018.2607552476409,0.0241960655426286,0.020481405325649047,0.0264356208429216,0.02271724045710718
152,E10000034,Worcestershire,11.725980404860742,744.8373526587382,8.2227109793161,568.1377505950898,3.5459962259635427,229.46225986513568,23.130039759045257,1540.6627850509979,0.012756161374424287,0.011892001369183041,0.013647088756131447,0.012394965010870418
